song_key,song_title,n_plays,mean_position,shrunk_position,eligible
This Year,This Year,808,0.8663561403630183,0.8627644134967143,True
No Children,No Children,767,0.8903723000153191,0.8863426504667739,True
Up the Wolves,Up the Wolves,544,0.7570488305339362,0.7533234851638791,True
Dance Music,Dance Music,321,0.4612672323011891,0.4622090625187894,True
You or Your Memory,You or Your Memory,314,0.47483710450560535,0.47546226961105614,True
Woke Up New,Woke Up New,291,0.45424747774670343,0.4554716254993,True
Love Love Love,Love Love Love,271,0.48704144431169477,0.4874130158009652,True
The Diaz Brothers,The Diaz Brothers,268,0.5712232813381624,0.5691588384008244,True
See America Right,See America Right,252,0.7621998728831482,0.7541321844867436,True
The Best Ever Death Metal Band in Denton,The Best Ever Death Metal Band in Denton,230,0.8991780488764802,0.8857602993344137,True
Game Shows Touch Our Lives,Game Shows Touch Our Lives,213,0.6419119679133712,0.6367748831020275,True
Cotton,Cotton,203,0.42917524575376825,0.43186054449296185,True
Cry for Judas,Cry for Judas,196,0.3972001997375448,0.4012315644537195,True
Palmcorder Yajna,Palmcorder Yajna,195,0.7042371948925596,0.6961884384435918,True
Damn These Vampires,Damn These Vampires,183,0.4628418137895121,0.4643981776098467,True
Hast Thou Considered the Tetrapod,Hast Thou Considered the Tetrapod,181,0.5582717914986651,0.5558052606415788,True
Heretic Pride (Song),Heretic Pride (Song),180,0.47261012730896707,0.4737756538064578,True
Jenny,Jenny,180,0.5318915767663086,0.5305344883932742,True
Spent Gladiator 2,Spent Gladiator 2,177,0.9163998736642551,0.898393392640936,True
Southwood Plantation Road,Southwood Plantation Road,165,0.40795301073358803,0.41220951890775737,True
In the Craters on the Moon,In the Craters on the Moon,159,0.2951003566242482,0.3049159084027273,True
Broom People,Broom People,157,0.5964581292416454,0.5917813714602324,True
You Were Cool,You Were Cool,155,0.52173087630465,0.5206643302283481,True
Wear Black,Wear Black,151,0.3620855665808861,0.36902465757052705,True
Amy AKA Spent Gladiator 1,Amy AKA Spent Gladiator 1,151,0.6558616684924296,0.6480195719645085,True
Going to Georgia,Going to Georgia,147,0.7472104506123954,0.7344512015485298,True
Heel Turn 2,Heel Turn 2,147,0.5970946816533403,0.592083343245426,True
Wild Sage,Wild Sage,147,0.34256575126356675,0.35069138990802784,True
In Memory of Satan,In Memory of Satan,144,0.4458972391541967,0.4487447528829232,True
Lion's Teeth,Lion's Teeth,136,0.6121236883634393,0.6058945945654705,True
San Bernardino,San Bernardino,135,0.5321422289541398,0.5303440622993627,True
Sax Rohmer Number 1,Sax Rohmer Number 1,133,0.4751411844383075,0.47655161369003474,True
Liza Forever Minnelli,Liza Forever Minnelli,133,0.4922954760334336,0.49273261214501185,True
International Small Arms Traffic Blues,International Small Arms Traffic Blues,131,0.5986778346329553,0.5929985347979652,True
Song for Dennis Brown,Song for Dennis Brown,131,0.6978481523022696,0.6864612082848728,True
Younger,Younger,130,0.19428409567297447,0.21200675679338177,True
Ezekiel 7 and the Permanent Efficacy of Grace,Ezekiel 7 and the Permanent Efficacy of Grace,128,0.6221035914778054,0.6149210272732286,True
Tallahassee (Song),Tallahassee (Song),127,0.42626700006168955,0.43063636302099684,True
Moon Over Goldsboro,Moon Over Goldsboro,126,0.26415387300276155,0.27823423879364145,True
Have to Explode,Have to Explode,125,0.230003164956473,0.24624357608691075,True
Color in Your Cheeks,Color in Your Cheeks,123,0.4027158613965079,0.408656877494431,True
Foreign Object,Foreign Object,122,0.5362632770250845,0.5340316907466177,True
Southwestern Territory,Southwestern Territory,122,0.5087548106557432,0.5082160530769283,True
Lakeside View Apartments Suite,Lakeside View Apartments Suite,120,0.4871344814829806,0.4879385763902943,True
Harlem Roulette,Harlem Roulette,119,0.24761780214722975,0.26351589335055386,True
Maybe Sprout Wings,Maybe Sprout Wings,118,0.3829137650479916,0.3903478117116112,True
The Young Thousands,The Young Thousands,118,0.4428667101613936,0.44649422062733685,True
Minnesota,Minnesota,117,0.3374956941691761,0.3478959697423488,True
Waylon Jennings Live!,Waylon Jennings Live!,111,0.5232478155697969,0.5216849372121635,True
Your Belgian Things,Your Belgian Things,110,0.3825231126890624,0.39048764742200737,True
Houseguest,Houseguest,109,0.9112123689100106,0.8830952838563346,True
Get Lonely (Song),Get Lonely (Song),108,0.3314291135711695,0.3430546919455716,True
1 Samuel 15:23,1 Samuel 15:23,100,0.30856352912279683,0.3227440084470341,True
Grendel's Mother,Grendel's Mother,99,0.4539591679696027,0.45740147316813706,True
Andrew Eldritch Is Moving Back to Leeds,Andrew Eldritch Is Moving Back to Leeds,98,0.38216989728504175,0.3910627352257933,True
Old College Try,Old College Try,96,0.251186674351643,0.27032616093997813,True
Shadow Song,Shadow Song,96,0.6903641421205613,0.6757207465728258,True
Rain in Soho,Rain in Soho,95,0.340181799195809,0.3525948633359403,True
Transcendental Youth (Song),Transcendental Youth (Song),95,0.5685857677024583,0.5632587177838208,True
Corsican Mastiff Stride,Corsican Mastiff Stride,95,0.2541614269484635,0.2732556850495537,True
Animal Mask,Animal Mask,94,0.32751710145778246,0.3410451719316819,True
Psalms 40:2,Psalms 40:2,94,0.4071936333916018,0.414472564105986,True
Stabbed to Death Outside San Juan,Stabbed to Death Outside San Juan,90,0.40163141522880386,0.4096615037815546,True
Linda Blair Was Born Innocent,Linda Blair Was Born Innocent,90,0.30867415169014756,0.3242925882868702,True
Never Quite Free,Never Quite Free,89,0.5979984377973468,0.5899160924119986,True
Let Me Bathe in Demonic Light,Let Me Bathe in Demonic Light,88,0.7494897729707336,0.7286989585565058,True
Until I Am Whole,Until I Am Whole,88,0.2083850389518479,0.23268628570586058,True
Steal Smoked Fish,Steal Smoked Fish,86,0.42864102737658055,0.43471413142963755,True
The Slow Parts on Death Metal Albums,The Slow Parts on Death Metal Albums,85,0.7406250057804775,0.7199260805520493,True
The Recognition Scene,The Recognition Scene,83,0.41669224888574896,0.42401600722546334,True
New Zion,New Zion,83,0.39105913238614454,0.4006363515170329,True
It Froze Me,It Froze Me,83,0.42059382301981474,0.42757458583125957,True
First Blood,First Blood,80,0.5020006263871185,0.5018187512610168,True
Incandescent Ruins,Incandescent Ruins,80,0.5150867530008354,0.5137152300007594,True
Baboon,Baboon,79,0.4936997858962202,0.4942791159287517,True
Tidal Wave,Tidal Wave,78,0.283256505634841,0.30341869115718134,True
Sicilian Crest,Sicilian Crest,77,0.6010677949920616,0.5915555319339852,True
First Few Desperate Hours,First Few Desperate Hours,77,0.3634813428140867,0.376330157608055,True
Jeff Davis County Blues,Jeff Davis County Blues,76,0.2804749941301489,0.30138213754632526,True
Before I Got There,Before I Got There,76,0.4922581434546369,0.49299546312562387,True
Shelved,Shelved,76,0.5310228802444497,0.5280683202211688,True
Oceanographer's Choice,Oceanographer's Choice,74,0.49654438799764555,0.496881520875924,True
Clemency for the Wizard King,Clemency for the Wizard King,73,0.30742719564180077,0.3264467318747093,True
There Will Be No Divorce,There Will Be No Divorce,72,0.3693286964309823,0.3823958267878841,True
Deuteronomy 2:10,Deuteronomy 2:10,72,0.4676226803031667,0.47086041227285,True
The Mess Inside,The Mess Inside,72,0.6225304232947422,0.610277380965268,True
Lovecraft in Brooklyn,Lovecraft in Brooklyn,71,0.4980512642907256,0.4982486046157154,True
Nine Black Poppies (Song),Nine Black Poppies (Song),70,0.5551144638323984,0.5494616983111268,True
Elijah,Elijah,70,0.2641200662083015,0.28831287993052696,True
White Cedar,White Cedar,69,0.423423561711543,0.43137955529995414,True
Fresh Tattoo,Fresh Tattoo,68,0.3943730617393449,0.40549168681941383,True
Slow West Vultures,Slow West Vultures,68,0.2678516472505945,0.29228831596105825,True
Dinu Lipatti's Bones,Dinu Lipatti's Bones,67,0.31609807588147315,0.33571428112078266,True
Dark in Here (song),Dark in Here (song),67,0.28268967643530424,0.3058694442822051,True
Water Tower,Water Tower,66,0.19392230361657606,0.22701178430667596,True
Birth of Serpents,Birth of Serpents,65,0.3191705105315385,0.3389874408842466,True
California Song,California Song,64,0.8624669109710575,0.8221928097520511,True
Black Pear Tree,Black Pear Tree,64,0.44778511145696015,0.45358676573952017,True
Alpha Rats Nest,Alpha Rats Nest,63,0.5371195942634129,0.5329371047689438,True
Prowl Great Cain,Prowl Great Cain,63,0.4808365766453601,0.48299583561489706,True
Isaiah 45:23,Isaiah 45:23,63,0.3363134935688442,0.35475704358925614,True
Getting Into Knives (song),Getting Into Knives (song),62,0.7291069002463809,0.7029232545039373,True
Abandoned Flesh,Abandoned Flesh,62,0.5621696732833288,0.555064567765234,True
In League with Dragons (song),In League with Dragons (song),61,0.243157983519736,0.2729367680391869,True
Quito,Quito,61,0.5203843040835697,0.5180209065086631,True
Possum By Night,Possum By Night,61,0.6538636656923764,0.6360244001048545,True
Cheshire County,Cheshire County,60,0.399738795663264,0.41153423146758583,True
Night Light,Night Light,60,0.328039050101895,0.34826975008990735,True
From TG&Y,From TG&Y,59,0.40312734109301973,0.4146942257386293,True
Romans 10:9,Romans 10:9,59,0.3123416456360987,0.33474861332134065,True
Hebrews 11:40,Hebrews 11:40,59,0.3631921986482618,0.37952745851115594,True
Genesis 30:3,Genesis 30:3,59,0.4560509649121959,0.4612986108928292,True
Source Decay,Source Decay,59,0.31451057648156083,0.33665856734943417,True
Thank You Mario But Our Princess Is in Another Castle,Thank You Mario But Our Princess Is in Another Castle,59,0.46690722869052864,0.4708586043692715,True
Michael Myers Resplendent,Michael Myers Resplendent,58,0.22337615543948716,0.256906318416519,True
Against Pollution,Against Pollution,58,0.6941848651116749,0.6706473057041991,True
"Pigs That Ran Straightaway into the Water, Triumph Of","Pigs That Ran Straightaway into the Water, Triumph Of",57,0.4349083409865657,0.4429196220959115,True
Cobscook Bay,Cobscook Bay,56,0.3751100917955955,0.3907213303211461,True
Alpha Omega,Alpha Omega,55,0.4772614583429816,0.4801488922041903,True
Twin Human Highway Flares,Twin Human Highway Flares,55,0.4492640680676049,0.4557067260907662,True
Cadaver Sniffing Dog,Cadaver Sniffing Dog,54,0.5417779207147075,0.5363872212676485,True
New Monster Avenue,New Monster Avenue,54,0.3593229948887582,0.3774748665160152,True
Tollund Man,Tollund Man,54,0.5330635886540861,0.528797319150333,True
The Alphonse Mambo,The Alphonse Mambo,53,0.3256981534045596,0.3485574119744534,True
Soft Targets,Soft Targets,53,0.29141226834699885,0.31876803643263835,True
Luna,Luna,53,0.5722744376442784,0.5627958228712583,True
Alpha Incipiens,Alpha Incipiens,53,0.5757636724296645,0.5658274530946266,True
Unicorn Tolerance,Unicorn Tolerance,53,0.2729814254032196,0.3027543532191908,True
For Charles Bronson,For Charles Bronson,52,0.3517339555108965,0.37150276144277694,True
Make You Suffer,Make You Suffer,52,0.04527214153270306,0.10590252266167598,True
Sept. 15 1983,Sept. 15 1983,52,0.6584093146114901,0.6372880726632915,True
So Desperate,So Desperate,52,0.49966562205714643,0.49971020578286024,True
The Day the Aliens Came (Hawaiian Feeling),The Day the Aliens Came (Hawaiian Feeling),51,0.41502506930266186,0.42654709380399586,True
High Hawk Season,High Hawk Season,51,0.11953666376199691,0.17112491274342106,True
Fall of the Star High School Running Back,Fall of the Star High School Running Back,51,0.4501980160495082,0.4569508274326258,True
Dilaudid,Dilaudid,50,0.5520590309602155,0.544878474965703,True
The Grey King and the Silver Flame Attunement,The Grey King and the Silver Flame Attunement,50,0.29722669365228926,0.3251954255623183,True
Prana Ferox,Prana Ferox,50,0.4814112362503263,0.48397520366407437,True
Enoch 18:14,Enoch 18:14,50,0.4299774247641054,0.4396357110035391,True
The Sign,The Sign,49,0.8775272209802808,0.8245409443514695,True
Letter from Belgium,Letter from Belgium,49,0.30791515527884444,0.3348744317309365,True
We Do It Different on the West Coast,We Do It Different on the West Coast,49,0.5374054470603297,0.5321555597536167,True
Broken To Begin With,Broken To Begin With,49,0.37197786939216687,0.3899458877230908,True
Bones Don't Rust,Bones Don't Rust,49,0.14621058185136904,0.19586523703012426,True
Cubs in Five,Cubs in Five,48,0.8186143052272593,0.7730979759090795,True
Autoclave,Autoclave,46,0.37538397652836075,0.39384560963527027,True
Raja Vocative,Raja Vocative,46,0.46018363962967074,0.4660823596845343,True
Sept 19th Triple X Love! Love!,Sept 19th Triple X Love! Love!,45,0.3607483971444352,0.38176750700942613,True
Jaipur,Jaipur,45,0.29834544539596813,0.32878386873242577,True
Dutch Orchestra Blues,Dutch Orchestra Blues,45,0.289458306851047,0.32123818506220975,True
Jenny III,Jenny III,45,0.2529749455121869,0.29026174618959266,True
Lizard Suit,Lizard Suit,45,0.46618533259597555,0.47128943333620565,True
Blood Capsules,Blood Capsules,44,0.5274621762281074,0.5232372260391679,True
Song for an Old Friend,Song for an Old Friend,44,0.4279415941849171,0.43902750277185293,True
Snow Crush Killing Song,Snow Crush Killing Song,44,0.46269244743571397,0.4684320709071426,True
Absolute Lithops Effect,Absolute Lithops Effect,44,0.2839013385459974,0.3171472864619978,True
Estate Sale Sign,Estate Sale Sign,42,0.2061217109639316,0.2531422372097025,True
Magpie,Magpie,41,0.45606079806930794,0.46323454532329844,True
Pez Dorado,Pez Dorado,41,0.23341845557157828,0.2769419730292798,True
How to Embrace a Swamp Creature,How to Embrace a Swamp Creature,40,0.32509433914039176,0.3542452826169931,True
Surrounded,Surrounded,40,0.5005452413843516,0.500454367820293,True
Werewolf Gimmick,Werewolf Gimmick,40,0.43699622698049473,0.44749685581707893,True
Some Swedish Trees,Some Swedish Trees,40,0.41352019998069267,0.42793349998391056,True
New Star Song,New Star Song,39,0.45727640968144645,0.46454851016120025,True
I've Got the Sex,I've Got the Sex,39,0.2733575563249036,0.3119349935461966,True
"Passaic, 1975","Passaic, 1975",38,0.5750846686510798,0.5620264654074137,True
Orange Ball of Hate,Orange Ball of Hate,38,0.46726639661492547,0.47295919720363405,True
Love Cuts the Strings,Love Cuts the Strings,38,0.5812525204917041,0.5671216473627121,True
In the Hidden Places,In the Hidden Places,38,0.37270824926255103,0.39484594504297693,True
The Monkey Song,The Monkey Song,37,0.5050049047390547,0.5041151438965561,True
Supergenesis,Supergenesis,37,0.34499126630638277,0.37254837451858136,True
Aulon Raid,Aulon Raid,37,0.0627047502047502,0.14044612794612796,True
Island Garden Song,Island Garden Song,37,0.2892758830414769,0.3267379482785477,True
Matthew 25:21,Matthew 25:21,37,0.49689669366954564,0.49744839257273754,True
The Ballad of Bull Ramos,The Ballad of Bull Ramos,37,0.3321257109586629,0.36197002901045616,True
Mole,Mole,36,0.3153093445559906,0.34888946372762863,True
Going to Bogotá,Going to Bogotá,36,0.4546634620821647,0.46290646897631654,True
Carmen Cicero,Carmen Cicero,36,0.8278617068013445,0.7682504873829182,True
Commandante,Commandante,35,0.5345489124199391,0.5281212077836713,True
Alpha Double Negative: Going to Catalina,Alpha Double Negative: Going to Catalina,34,0.5094369578710555,0.5076394420860926,True
Whole Wide World,Whole Wide World,34,0.5107924437620364,0.5087367401883152,True
Waving at You,Waving at You,34,0.479419252051483,0.48333939451786717,True
New Britain,New Britain,34,0.04598656947084809,0.1324653181430675,True
Murder at the 18th St. Garage,Murder at the 18th St. Garage,34,0.12752377085530942,0.19847162402572666,True
Hostages,Hostages,33,0.24934852946074326,0.29825613346840313,True
Song for Lonely Giants,Song for Lonely Giants,33,0.31358647448078913,0.3499598453138059,True
Pure Gold,Pure Gold,33,0.15095219694150175,0.21905908534315993,True
Orange Ball of Love,Orange Ball of Love,33,0.5072304306169747,0.5058196148868332,True
Maize Stalk Drinking Blood,Maize Stalk Drinking Blood,32,0.21648631918869332,0.27318905535095467,True
Going to Port Washington,Going to Port Washington,32,0.4130801368481406,0.4304641094785125,True
Transjordanian Blues,Transjordanian Blues,32,0.37864435818704983,0.4029154865496398,True
Going to Queens,Going to Queens,32,0.4590103957579602,0.4672083166063682,True
Guys on Every Corner,Guys on Every Corner,32,0.3430259957293794,0.3744207965835035,True
"No, I Can't","No, I Can't",32,0.670160442659065,0.636128354127252,True
Seeing Daylight,Seeing Daylight,32,0.5307851115469591,0.5246280892375672,True
Alpha Gelida,Alpha Gelida,31,0.4067530835270274,0.42588065613686793,True
Going Invisible 2,Going Invisible 2,31,0.8774112423341035,0.7999935515989027,True
Going to Kansas,Going to Kansas,31,0.5222519518332462,0.5176874488930931,True
Extraction Point,Extraction Point,30,0.21544705279763834,0.2753529364191882,True
The Legend of Chavo Guerrero,The Legend of Chavo Guerrero,30,0.5539771145034303,0.5426135114500766,True
Going to Jamaica,Going to Jamaica,30,0.38798583668317144,0.41156776580250376,True
Rotten Stinking Mouthpiece,Rotten Stinking Mouthpiece,29,0.3335242847493301,0.3695190339927182,True
Great Pirates,Great Pirates,29,0.5540970714232768,0.5424004073317574,True
Training Montage,Training Montage,29,0.7962370806902489,0.7321858200004653,True
Wolf Count,Wolf Count,29,0.4987032411375503,0.498983621432134,True
Neon Orange Glimmer Song,Neon Orange Glimmer Song,29,0.5172187704254207,0.5134957930361406,True
See America Right (Song),See America Right (Song),28,0.7328637565306002,0.6811162550793557,True
Doc Gooden,Doc Gooden,28,0.4150240888256003,0.43390762464213356,True
Going to Palestine,Going to Palestine,28,0.4313787244320098,0.446627896780452,True
Horseradish Road,Horseradish Road,28,0.3071015856215268,0.34996789992785415,True
Black Molly,Black Molly,28,0.5215858059142721,0.5167889601555449,True
Song for My Stepfather,Song for My Stepfather,27,0.46688457469468325,0.47445381476446996,True
West Country Dream,West Country Dream,27,0.2930150276566224,0.34032587847796586,True
Steal Smoked Fish (Song),Steal Smoked Fish (Song),26,0.44368062278278997,0.4569322409515453,True
Attention All Pickpockets,Attention All Pickpockets,26,0.45349604985077197,0.4644381557682374,True
Hair Match,Hair Match,26,0.22901791004017724,0.29277840179542963,True
Choked Out,Choked Out,25,0.42692878669766543,0.4446430202255041,True
Fire Editorial,Fire Editorial,25,0.4729262600817319,0.479489590971009,True
The House That Dripped Blood,The House That Dripped Blood,25,0.36366295800937076,0.3967143621283112,True
Idylls of the King,Idylls of the King,25,0.1302958754351943,0.21992111775393508,True
Chanson du Bon Chose,Chanson du Bon Chose,25,0.4690011558788649,0.47651602718095826,True
Masher,Masher,25,0.470808219572414,0.47788501482758633,True
Onions,Onions,25,0.5218311494984129,0.5165387496200098,True
Bell Swamp Connection,Bell Swamp Connection,24,0.6155335282068356,0.5866501461551267,True
Dark as a Dungeon,Dark as a Dungeon,24,0.4547890376637516,0.4660917782478137,True
Ox Baker Triumphant,Ox Baker Triumphant,24,0.48208159752470897,0.4865611981435317,True
Ripple,Ripple,24,0.5927569794264504,0.5695677345698378,True
Clean Slate,Clean Slate,23,0.6326842621769962,0.5984431622603521,True
Sign of the Crow 2,Sign of the Crow 2,23,0.4210443604654453,0.44142000937758846,True
Going to Scotland,Going to Scotland,23,0.5050828278128275,0.503771130312743,True
Downtown Seoul,Downtown Seoul,23,0.4078812001900574,0.43165379368939744,True
Half Dead,Half Dead,23,0.44280091253775467,0.4575619673667212,True
Only One Way,Only One Way,23,0.5280491269417744,0.5208106425697036,True
Weekend in Western Illinois,Weekend in Western Illinois,23,0.4155587114324027,0.43735001170791166,True
Ontario,Ontario,22,0.6038569939777125,0.5761617955836559,True
Genesis 3:23,Genesis 3:23,22,0.4674001876064738,0.47609347091141413,True
Fishing Boat,Fishing Boat,22,0.12699394686860882,0.22646222770364646,True
Going to Bolivia,Going to Bolivia,22,0.2959705944847864,0.35037843595551005,True
Peru,Peru,22,0.49262683523397066,0.49459301250491183,True
Poltergeist,Poltergeist,22,0.45675515977123643,0.46828711716557336,True
Rocks in My Pockets,Rocks in My Pockets,22,0.25746115535875264,0.32213818059641863,True
Song for Black Sabbath's Second North American Tour,Song for Black Sabbath's Second North American Tour,22,0.28079257656375584,0.3392478894800876,True
Jam Eater Blues (Song),Jam Eater Blues (Song),22,0.4985385020559674,0.49892823484104276,True
The Coroner's Gambit (Song),The Coroner's Gambit (Song),22,0.19748968529678954,0.278159102550979,True
The River Song,The River Song,22,0.44074283625795513,0.4565447465891671,True
Palmcorder Yajna (Song),Palmcorder Yajna (Song),22,0.8133666740583432,0.729802227642785,True
My Favorite Things,My Favorite Things,21,0.5111987099607954,0.5081094106612657,True
Narakaloka,Narakaloka,21,0.34573593073593073,0.38829153605015676,True
Pure Milk,Pure Milk,21,0.3435456464923515,0.38670546814963386,True
One Fine Day,One Fine Day,21,0.3564480497143036,0.39604858772415086,True
Your Bandage,Your Bandage,21,0.5733920015547999,0.5531459321603723,True
Tulsa Imperative,Tulsa Imperative,21,0.5124378034317912,0.509006685243711,True
Alpha in Tauris,Alpha in Tauris,21,0.29167295647966635,0.3491424857266549,True
We Were Patriots,We Were Patriots,21,0.4687405813248119,0.4773638692352086,True
Itzcuintli-Totzli Days,Itzcuintli-Totzli Days,21,0.4272439707063671,0.44731459947702445,True
Going to Alaska,Going to Alaska,21,0.41586640645209383,0.4390756736377231,True
Blueberry Frost,Blueberry Frost,21,0.4006714633707307,0.4280724389925981,True
Quetzalcoatl Eats Plums,Quetzalcoatl Eats Plums,20,0.2731310196997032,0.3379507283569309,True
An Antidote for Strychnine,An Antidote for Strychnine,20,0.19990822583213888,0.28564873273724206,True
Riches and Wonders,Riches and Wonders,20,0.37223771842192893,0.40874122744423497,True
Outer Scorpion Squadron,Outer Scorpion Squadron,20,0.393495717243227,0.4239255123165907,True
Terror Song,Terror Song,20,0.8758386615515772,0.7684561868225551,True
California Jam,California Jam,20,0.4846851536537228,0.4890608240383734,True
Beautiful Gas Mask,Beautiful Gas Mask,20,0.3161186582669958,0.3686561844764256,True
Sinaloan Milk Snake Song,Sinaloan Milk Snake Song,20,0.4094650035020543,0.4353321453586102,True
Mosquito Repellent,Mosquito Repellent,20,0.5190247873471557,0.513589133819397,True
Wage Wars Get Rich Die Handsome,Wage Wars Get Rich Die Handsome,20,0.7708177434693453,0.6934412453352466,True
Stench of the Unburied,Stench of the Unburied,20,0.337661910789788,0.38404422199270577,True
Armies of the Lord,Armies of the Lord,19,0.05655442955214122,0.18794570968484012,True
Cleaning Crew,Cleaning Crew,19,0.4535791406259911,0.4673334693294012,True
Alphabetizing,Alphabetizing,19,0.35173819977445175,0.3956676220635031,True
Azo Tle Nelli in Tlalticpac?,Azo Tle Nelli in Tlalticpac?,19,0.07914237465321056,0.20384093031151854,True
Golden Boy,Golden Boy,19,0.6815198456501772,0.6277361876797543,True
Collapsing Stars,Collapsing Stars,18,0.2783560240081979,0.34655417046721393,True
Suedehead,Suedehead,18,0.5831740759776162,0.5575820525998881,True
Going to Bristol,Going to Bristol,18,0.4539527176791758,0.46812111223942937,True
Ghosts,Ghosts,18,0.36245254681753536,0.4047748401044476,True
Age of Kings,Age of Kings,18,0.4272741302177745,0.44965132091999777,True
Song for the Julian Calendar,Song for the Julian Calendar,18,0.40491242419580686,0.4341701398278663,True
1 John 4:16,1 John 4:16,18,0.42750807549616543,0.4498132830358068,True
Paid in Cocaine,Paid in Cocaine,18,0.557288378295019,0.5396611849734747,True
The Hot Garden Stomp,The Hot Garden Stomp,18,0.47748206200246623,0.4844106583093997,True
Picture of My Dress,Picture of My Dress,18,0.30108801501631405,0.362291702703602,True
Dawn of Revelation,Dawn of Revelation,18,0.2573278001767704,0.3319961693531487,True
Family Happiness,Family Happiness,17,0.37021748905226215,0.41174789255553823,True
Cutter,Cutter,17,0.2963625181754848,0.36152651235932964,True
No More Tears,No More Tears,17,0.19031713788073998,0.2894156537589032,True
I Corinthians 13: 8-10,I Corinthians 13: 8-10,17,0.5643021438959737,0.5437254578492621,True
The Boys Are Back in Town,The Boys Are Back in Town,17,0.7927326429197693,0.699058197185443,True
Infidelity (Song),Infidelity (Song),17,0.46854808268861303,0.47861269622825686,True
Mark On You,Mark On You,16,0.3101685790372861,0.37344571935819076,True
Marduk T-Shirt Men's Room Incident,Marduk T-Shirt Men's Room Incident,16,0.3320296835629485,0.38801978904196566,True
Solidarity Forever,Solidarity Forever,16,0.5180006686439038,0.5120004457626025,True
02-75,02-75,16,0.4366542091627665,0.4577694727751777,True
As Many Candles As Possible,As Many Candles As Possible,16,0.5848964819981697,0.5565976546654464,True
You're in Maya,You're in Maya,16,0.4516886461062158,0.46779243073747717,True
Done Bleeding,Done Bleeding,16,0.02717391304347826,0.1847826086956522,True
Going to Cleveland,Going to Cleveland,16,0.45997480936819174,0.47331653957879444,True
Yoga,Yoga,16,0.1584970950102529,0.2723313966735019,True
Torch Song,Torch Song,16,0.3664662605097051,0.41097750700647007,True
Mobile,Mobile,15,0.20230367660089021,0.3058502238701458,True
Running Away with What Freud Said,Running Away with What Freud Said,15,0.31051252124781537,0.3764212095094448,True
Billy the Kid's Dream of the Magic Shoes,Billy the Kid's Dream of the Magic Shoes,15,0.3749520710378096,0.4184470028507453,True
Going to Marrakesh,Going to Marrakesh,15,0.46502633467687227,0.4771910878327428,True
Stars Fell on Alabama,Stars Fell on Alabama,15,0.6347589316428325,0.5878862597670647,True
Design Your Own Container Garden,Design Your Own Container Garden,15,0.18725246426148295,0.2960342158227063,True
Shower,Shower,15,0.3968009910816928,0.4326962985315388,True
Pure Heat,Pure Heat,14,0.336734693877551,0.3961038961038961,True
Only Takes a Few,Only Takes a Few,14,0.6946183216369552,0.6238480228598806,True
Pseudothyrum Song,Pseudothyrum Song,14,0.3656576306411893,0.4145094013171205,True
Peacocks,Peacocks,14,0.33875083833067027,0.3973868971195174,True
Cold at Night,Cold at Night,14,0.0817450175410293,0.23383773843520048,True
Adultery,Adultery,14,0.3972702266405274,0.43462650786215384,True
Furniture Store,Furniture Store,14,0.9657559076262083,0.7963901230348598,True
Short Song About the 10 Freeway,Short Song About the 10 Freeway,13,0.42569142527090587,0.4539994537391322,True
Store,Store,13,0.4169004524886878,0.44855742296918766,True
Counterfeit Florida Plates,Counterfeit Florida Plates,13,0.44215506715506714,0.4641912320483749,True
Alpha Chum Gatherer,Alpha Chum Gatherer,13,0.5707906988092747,0.5438228135485986,True
Alpha Desperation March,Alpha Desperation March,13,0.5397526706576481,0.5246087961214012,True
The Plague,The Plague,13,0.23511099323792822,0.3360210910520508,True
From the Nebraska Plant,From the Nebraska Plant,13,0.5168929849707882,0.5104575621247737,True
Young Caesar 2000,Young Caesar 2000,13,0.4715345037064494,0.48237850229446866,True
Bring Our Curses Home,Bring Our Curses Home,13,0.4772320573639728,0.48590555932055457,True
Memories,Memories,12,0.8724377474377474,0.7234626484626484,True
Spilling Toward Alpha,Spilling Toward Alpha,12,0.3326248503594041,0.39957491021564245,True
New Chevrolet in Flames,New Chevrolet in Flames,12,0.741711533444943,0.6450269200669658,True
The Pig Song,The Pig Song,12,0.7088293650793651,0.625297619047619,True
Fresh Berries for You,Fresh Berries for You,12,0.5359579504316346,0.5215747702589808,True
Stars Around Her,Stars Around Her,12,0.38229104959368115,0.42937462975620877,True
The Water Song,The Water Song,12,0.44377013033770124,0.4662620782026208,True
Waco,Waco,12,0.34009212204864375,0.4040552732291863,True
Orange Ball of Pain,Orange Ball of Pain,12,0.4776444237164051,0.48658665422984304,True
Handball,Handball,12,0.18641975308641975,0.3118518518518519,True
Alibi,Alibi,12,0.5375025017608138,0.5225015010564883,True
Baltimore,Baltimore,12,0.3785928851003222,0.42715573106019333,True
The Lady from Shanghai,The Lady from Shanghai,12,0.24552015250544665,0.347312091503268,True
Shirtless in Hamburg,Shirtless in Hamburg,12,0.054370882457182766,0.23262252947430967,True
Shallow Grave,Shallow Grave,11,0.4394093390140821,0.4649211962713107,True
Standard Bitter Love Song Number 4,Standard Bitter Love Song Number 4,11,0.6273801604156234,0.5737464086616767,True
The Destruction of the Kola Superdeep Borehole Tower,The Destruction of the Kola Superdeep Borehole Tower,11,0.1675172930529702,0.30751001176750903,True
Fault Lines,Fault Lines,11,0.3482851483475573,0.41216508588542794,True
Seed Song,Seed Song,11,0.3997520731970493,0.4419617265877654,True
Alpha Negative,Alpha Negative,11,0.43438877663428066,0.4620145548935309,True
Going to Lebanon,Going to Lebanon,11,0.3658144671785397,0.4223136388928388,True
We Shall All Be Healed (Song),We Shall All Be Healed (Song),11,0.4376820149547422,0.46392116655274546,True
Distant Stations,Distant Stations,11,0.2950978204930774,0.38137242239072905,True
Alpha Sun Hat,Alpha Sun Hat,11,0.6064852481614496,0.561649354198734,True
Going to Maine,Going to Maine,11,0.47241902490623827,0.48403206705098006,True
Going to Michigan,Going to Michigan,11,0.5338676618512092,0.5196075937033315,True
Song for Mark and Joel,Song for Mark and Joel,11,0.29841116915420324,0.3832906768787493,True
Song for Dana Plato,Song for Dana Plato,11,0.3745541133663846,0.42737343405422273,True
Un Rêve Plus Long Que la Nuit,Un Rêve Plus Long Que la Nuit,11,0.2759346323648383,0.3702779450533274,True
If You See Light,If You See Light,11,0.3636491366156438,0.4210600264616885,True
Pet Politics,Pet Politics,11,0.5987304362304363,0.5571597262386737,True
Columns Pillars Steps,Columns Pillars Steps,11,0.7597463021178743,0.650379438068243,True
The Bad Doctor,The Bad Doctor,11,0.6672936911573276,0.5968542422489791,True
Nine Black Poppies,Nine Black Poppies,11,0.45893108174676717,0.47622325785339154,True
Going to Mexico,Going to Mexico,10,0.4078246753246753,0.44879148629148624,True
Tianchi Lake,Tianchi Lake,10,0.6388493962178172,0.577138553454343,True
Here I Am,Here I Am,10,0.38881710204364667,0.4382317233575815,True
The Irony Engine,The Irony Engine,10,0.5344578215901745,0.5191432342167636,True
Raid on Entebbe,Raid on Entebbe,10,0.290443681667938,0.3835798231488544,True
For the Krishnacore Bands,For the Krishnacore Bands,10,0.3263504088504089,0.40352800491689383,True
Night of the Mules,Night of the Mules,10,0.2780781499202552,0.37671008328903066,True
Song for Sasha Banks,Song for Sasha Banks,10,0.5839815224335348,0.5466564013519638,True
How I Left the Ministry,How I Left the Ministry,10,0.6938374125874126,0.6076874514374515,True
Insurance Fraud Number 2,Insurance Fraud Number 2,10,0.5515500113921167,0.5286388952178426,True
Doctor Wu,Doctor Wu,10,0.6780448717948718,0.5989138176638177,True
Genesis 19:1-2,Genesis 19:1-2,10,0.2635560473089077,0.36864224850494876,True
Quetzalcoatl is Born,Quetzalcoatl is Born,9,0.313812320419311,0.40143005198669407,True
Feed This End,Feed This End,9,0.31937275687275685,0.40437381246204773,True
Third Snow Song,Third Snow Song,9,0.47029515213153655,0.484273904069637,True
Solomon Revisited,Solomon Revisited,9,0.8186438318017265,0.6686937933067965,True
Alabama Nova,Alabama Nova,9,0.4683126141717473,0.48322432514974856,True
Charlie Sheen Reaches Out to the Feds,Charlie Sheen Reaches Out to the Feds,9,0.1397528736201505,0.30928093309302085,True
Same as Cash,Same as Cash,9,0.1863388500299405,0.3339440970746744,True
Heel Turn 1,Heel Turn 1,9,0.46825396825396826,0.48319327731092443,True
In the Shadow of the Western Hills,In the Shadow of the Western Hills,9,0.2603927748664591,0.37314911610577245,True
The New Hydra Collection,The New Hydra Collection,9,0.2650214847163741,0.37559960955572746,True
Going to Utrecht,Going to Utrecht,9,0.38572315865917517,0.4395004957607398,True
Going to Chino,Going to Chino,8,0.5358018207282913,0.5179009103641457,True
Wizard Buys a Hat,Wizard Buys a Hat,8,0.4159514064796572,0.4579757032398286,True
Pale Green Things,Pale Green Things,8,0.3801051665725579,0.44005258328627894,True
The Anglo-Saxons,The Anglo-Saxons,8,0.4645833333333333,0.4822916666666667,True
Duke Ellington,Duke Ellington,8,0.26272957591607476,0.3813647879580374,True
Balance,Balance,8,0.2108338420838421,0.355416921041921,True
The Black Ice Cream Song,The Black Ice Cream Song,8,0.5724358974358974,0.5362179487179487,True
Evening in Stalingrad,Evening in Stalingrad,8,0.28910324720746716,0.3945516236037336,True
Need More Bandages,Need More Bandages,8,0.10387480559105274,0.3019374027955264,True
"Hello, Old Rabbit","Hello, Old Rabbit",8,0.31635566188197767,0.4081778309409888,True
For the Portuguese Goth Metal Bands,For the Portuguese Goth Metal Bands,8,0.4701294986478053,0.48506474932390264,True
Bleed Out (song),Bleed Out (song),8,0.7329398864809081,0.6164699432404541,True
Keeping House,Keeping House,8,0.286059316070926,0.39302965803546297,True
Going to Monaco,Going to Monaco,8,0.3073803794771537,0.40369018973857684,True
I Wonder Where Our Love Has Gone,I Wonder Where Our Love Has Gone,8,0.4259110597640346,0.46295552988201727,True
Willin',Willin',7,0.3823454740747974,0.44509455456823876,True
The Lady from Shanghai 2,The Lady from Shanghai 2,7,0.5665942453536438,0.531077314498367,True
Orange Ball of Peace,Orange Ball of Peace,7,0.4626261270058262,0.4825588592693856,True
Tyler Lambert's Grave,Tyler Lambert's Grave,7,0.3078333184740507,0.4103222152878903,True
The Window Song,The Window Song,7,0.5061095546057952,0.5028511254827044,True
Plain,Plain,7,0.8373063704366707,0.657409639537113,True
The Last Limit of Bhakti,The Last Limit of Bhakti,7,0.41695526695526697,0.4612457912457913,True
Standard Bitter Love Song Number 1,Standard Bitter Love Song Number 1,7,0.5289569160997732,0.5135132275132275,True
Friend of the Devil,Friend of the Devil,7,0.4672940585984064,0.484737227345923,True
Home Again Garden Grove,Home Again Garden Grove,7,0.4226968937495253,0.46392521708311185,True
Programmed Cell Death,Programmed Cell Death,7,0.5220342522974102,0.5102826510721248,True
Home on the Range,Home on the Range,6,0.8764090177133655,0.6613181504485853,True
Somebody Else's Parking Lot in Sebastopol,Somebody Else's Parking Lot in Sebastopol,6,0.4401165501165501,0.4743356643356643,True
Birthday Song: This Time Has Gone,Birthday Song: This Time Has Gone,6,0.44207944832944834,0.4751769064269064,True
Going to Kirby Sigston,Going to Kirby Sigston,6,0.5757708665603403,0.5324732285258601,True
Used to Haunt,Used to Haunt,6,0.3661020139281009,0.44261514882632896,True
That Hippolytine Feeling,That Hippolytine Feeling,6,0.24070972886762362,0.3888755980861244,True
Blood Royal,Blood Royal,6,0.5413752913752914,0.5177322677322678,True
Beach House,Beach House,6,0.5420781943362372,0.5180335118583874,True
Happy Birthday,Happy Birthday,6,0.7654732103645148,0.6137742330133634,True
Abide with Me,Abide with Me,6,0.3282632222849614,0.426398523836412,True
The Only Thing I Know,The Only Thing I Know,6,0.5212693103997451,0.5091154187427479,True
Deianara Crush,Deianara Crush,6,0.4728632478632479,0.48836996336996336,True
Gravedigger,Gravedigger,6,0.4117965367965368,0.46219851576994436,True
US Mill,US Mill,6,0.33864121583419826,0.4308462353575135,True
Rockin' Rockin' Twilight of the Gods,Rockin' Rockin' Twilight of the Gods,6,0.4681394993894994,0.4863454997383569,True
Orange,Orange,6,0.8287581699346406,0.6408963585434174,True
Cut Off Their Thumbs Number 1,Cut Off Their Thumbs Number 1,6,0.44669762641898864,0.477156125608138,True
Lido Shuffle,Lido Shuffle,6,1.0,0.7142857142857143,True
We Have Seen the Enemy,We Have Seen the Enemy,6,0.4036893704850361,0.45872401592215833,True
It's All Here in Brownsville,It's All Here in Brownsville,6,0.2870209339774557,0.4087232574189096,True
Bride,Bride,6,0.14616639452165767,0.3483570262235676,True
Going to Dade County,Going to Dade County,6,0.547294161329249,0.5202689262839638,True
Star Dusting,Star Dusting,6,0.4071415770609319,0.4602035330261137,True
Butter Teeth,Butter Teeth,5,0.5650427350427351,0.525016436554898,True
Song for Cleomenes,Song for Cleomenes,5,0.48186080586080593,0.4930233868695408,True
Crows,Crows,5,0.33045454545454545,0.43479020979020977,True
"If England Were What England Seems, Then We Would Only Have Our Dreams","If England Were What England Seems, Then We Would Only Have Our Dreams",5,0.40429292929292926,0.46318958818958816,True
New World Emerging Blues,New World Emerging Blues,5,0.4297435897435897,0.47297830374753447,True
Going to Morocco,Going to Morocco,5,0.7302277432712215,0.5885491320273929,True
Lonesome Surprise,Lonesome Surprise,5,0.5669365928189458,0.5257448433919023,True
Dogs of Clinic 17,Dogs of Clinic 17,5,0.5069444444444444,0.5026709401709402,True
FM,FM,5,0.3247086247086247,0.432580240272548,True
Sail On,Sail On,5,0.6915555555555556,0.5736752136752137,True
Standing in Need of Prayer,Standing in Need of Prayer,5,0.39621052631578946,0.460080971659919,True
I Hear the Planets,I Hear the Planets,5,0.5744444444444444,0.5286324786324786,True
The Last Day of Jimi Hendrix's Life,The Last Day of Jimi Hendrix's Life,5,0.4409205287466157,0.47727712644100606,True
Emerging,Emerging,5,0.7047326815061369,0.5787433390408219,True
Sun Song,Sun Song,5,0.6773015873015873,0.5681929181929182,True
Then the Letting Go,Then the Letting Go,5,0.4748809523809524,0.4903388278388278,True
Send Me an Angel,Send Me an Angel,4,0.27179487179487183,0.4239316239316239,False
Green Olives,Green Olives,4,0.6979665071770336,0.5659888357256778,False
All Devils Here Now,All Devils Here Now,4,0.39380341880341885,0.4646011396011396,False
Quetzalcoatl Comes Through,Quetzalcoatl Comes Through,4,0.20876528442317915,0.402921761474393,False
I Will Grab You by the Ears,I Will Grab You by the Ears,4,0.26384142173615854,0.42128047391205287,False
Calling Out Your Name,Calling Out Your Name,4,0.3153726708074534,0.4384575569358178,False
Rainbow in the Dark,Rainbow in the Dark,4,0.5726006613917921,0.5242002204639307,False
Shave My Eyebrows,Shave My Eyebrows,4,0.22771739130434782,0.4092391304347826,False
Boxcar,Boxcar,4,0.8982551487414188,0.6327517162471396,False
Only Existing Footage,Only Existing Footage,4,0.5138888888888888,0.5046296296296297,False
Born Ready,Born Ready,4,0.5157364565259301,0.5052454855086433,False
Badger Song,Badger Song,4,0.8561507936507936,0.6187169312169312,False
Shot in the Dark,Shot in the Dark,4,0.4784090909090909,0.49280303030303035,False
Civilian,Civilian,4,0.4156223893065998,0.4718741297688666,False
Bluejays and Cardinals,Bluejays and Cardinals,4,0.3615497076023392,0.453849902534113,False
When a Powerful Animal Comes,When a Powerful Animal Comes,4,0.4782608695652174,0.49275362318840576,False
When I Get Home,When I Get Home,4,0.44487179487179485,0.48162393162393163,False
Pink and Blue,Pink and Blue,4,0.2255952380952381,0.4085317460317461,False
I Will Survive,I Will Survive,4,0.6336805555555556,0.5445601851851852,False
Sarcofago Live,Sarcofago Live,4,0.3707765151515151,0.456925505050505,False
Ultraviolet,Ultraviolet,4,0.38024475524475526,0.4600815850815851,False
Edvard Munch,Edvard Munch,4,0.29959677419354835,0.43319892473118277,False
Trash,Trash,4,0.6722222222222222,0.5574074074074074,False
Hello Sarah,Hello Sarah,4,0.32283648845433743,0.44094549615144585,False
Rockin' Rockin' Pet Store,Rockin' Rockin' Pet Store,4,0.36092436974789915,0.45364145658263305,False
Down Here,Down Here,4,0.30869565217391304,0.43623188405797103,False
This Magic Moment,This Magic Moment,4,0.6134963768115942,0.5378321256038647,False
Heartland Feeling,Heartland Feeling,4,0.8933823529411764,0.6311274509803921,False
Going to Bridlington,Going to Bridlington,4,0.6759879547892088,0.5586626515964029,False
Abandoning My Father Talking Blues,Abandoning My Father Talking Blues,4,0.40307486631016043,0.46769162210338683,False
Song for Roger Maris,Song for Roger Maris,4,0.38440704739516285,0.4614690157983876,False
In the Cane Fields,In the Cane Fields,4,0.5985576923076923,0.5328525641025641,False
In Corolla,In Corolla,4,0.771978021978022,0.5906593406593407,False
Cruiserweights,Cruiserweights,4,0.6059027777777778,0.5353009259259259,False
Letter from a Motel,Letter from a Motel,4,0.29523809523809524,0.43174603174603177,False
Tell Me on a Sunday,Tell Me on a Sunday,4,0.4827099317988065,0.4942366439329355,False
There Is Power in a Union,There Is Power in a Union,4,0.38285714285714284,0.46095238095238095,False
"Ice Cream, Cobra Man","Ice Cream, Cobra Man",4,0.3518668831168831,0.45062229437229434,False
Last Gasp at Calama,Last Gasp at Calama,4,0.22159090909090912,0.4071969696969697,False
Counting Song for Bitter Children,Counting Song for Bitter Children,4,0.4196428571428571,0.47321428571428575,False
Sometimes I Still Feel the Bruise,Sometimes I Still Feel the Bruise,4,0.21340852130325816,0.40446950710108603,False
Full Flower,Full Flower,4,0.2531328320802005,0.4177109440267335,False
Ethiopians,Ethiopians,4,0.49374999999999997,0.4979166666666666,False
"You, Sailor","You, Sailor",3,0.6525252525252525,0.5415977961432507,False
Pure Money,Pure Money,3,0.46249999999999997,0.4897727272727273,False
Letter from Belgium (Song),Letter from Belgium (Song),3,0.2357487922705314,0.42793148880105397,False
Scavenger Babies,Scavenger Babies,3,0.5602240896358542,0.5164247517188693,False
Alpha Aquae,Alpha Aquae,3,0.7936507936507936,0.5800865800865801,False
Tall Tall Trees,Tall Tall Trees,3,0.46589371980676325,0.49069828722002634,False
Sweet Jane,Sweet Jane,3,1.0,0.6363636363636364,False
Babylon Burning,Babylon Burning,3,0.8533834586466166,0.5963773069036228,False
The Cow Song,The Cow Song,3,0.48787878787878786,0.4966942148760331,False
Process of Elimination,Process of Elimination,3,0.9029304029304029,0.6098901098901099,False
Fortune Came Today,Fortune Came Today,3,0.14074074074074075,0.40202020202020206,False
Keep It on Your Mind,Keep It on Your Mind,3,0.4307992202729045,0.4811270600744285,False
Proverbs 6:27,Proverbs 6:27,3,0.1523809523809524,0.4051948051948052,False
Ambivalent Seascape Y,Ambivalent Seascape Y,3,0.6060985797827904,0.5289359763043974,False
The Car Song,The Car Song,3,0.5287114845938375,0.5078304048892285,False
All Frosting,All Frosting,3,0.4502719502719503,0.48643780461962277,False
Hellhound on My Trail,Hellhound on My Trail,3,0.6472464583919691,0.5401581250159916,False
Good Morning to All Vultures,Good Morning to All Vultures,3,0.4196969696969697,0.478099173553719,False
Love Hymn to Aphrodite,Love Hymn to Aphrodite,3,0.43452380952380953,0.48214285714285715,False
Twelve Hands High,Twelve Hands High,3,0.7939814814814815,0.5801767676767677,False
Tribe of the Horned Heart,Tribe of the Horned Heart,3,0.11278195488721804,0.3943950786056049,False
Earth Air Water Trees,Earth Air Water Trees,3,0.38232872200263507,0.46790783327344593,False
I'm So Lonesome I Could Cry,I'm So Lonesome I Could Cry,3,0.4911111111111111,0.4975757575757576,False
Some Other Way,Some Other Way,3,0.20833333333333334,0.42045454545454547,False
Idylls of the Kings,Idylls of the Kings,3,0.5045129162776222,0.5012307953484424,False
O Bless the Lord,O Bless the Lord,3,0.7441330599225336,0.5665817436152364,False
Real Good Girlfriend,Real Good Girlfriend,3,0.3439327485380117,0.4574362041467305,False
Rat Queen,Rat Queen,3,0.3843253968253968,0.4684523809523809,False
Xolo,Xolo,3,0.30303973441228343,0.44628356393062274,False
Unmasked!,Unmasked!,3,0.21717171717171715,0.4228650137741047,False
Snow Owl,Snow Owl,3,0.4298245614035088,0.48086124401913877,False
Against Agamemnon,Against Agamemnon,3,0.32277887231447605,0.4516669651766753,False
The Moon Song,The Moon Song,3,0.2142857142857143,0.4220779220779221,False
Blues in Dallas,Blues in Dallas,3,0.24107142857142858,0.42938311688311687,False
My Dinner Plate Has a Cat On It,My Dinner Plate Has a Cat On It,3,0.5857699805068226,0.5233918128654971,False
Tampa,Tampa,3,0.20246913580246914,0.41885521885521887,False
Going to Maryland,Going to Maryland,3,0.3936063936063936,0.4709835618926528,False
Song for Tura Satana,Song for Tura Satana,3,0.30068542568542567,0.44564147973238877,False
Going to Malibu,Going to Malibu,3,0.2732323232323232,0.43815426997245177,False
Going to Reykjavik,Going to Reykjavik,3,0.1357142857142857,0.4006493506493507,False
Song from the Shoreline,Song from the Shoreline,3,0.0,0.36363636363636365,False
Milk Song,Milk Song,3,0.42777777777777776,0.4803030303030303,False
Parisian Enclave,Parisian Enclave,3,0.0,0.36363636363636365,False
Beat the Devil,Beat the Devil,3,0.3474747474747475,0.45840220385674935,False
Rescue Breathing,Rescue Breathing,3,0.3444444444444444,0.4575757575757576,False
Duane Allman Slept Here,Duane Allman Slept Here,3,0.3452380952380952,0.4577922077922078,False
Hand of Death,Hand of Death,3,0.08611111111111112,0.38712121212121214,False
Pure Sun,Pure Sun,3,0.3782608695652174,0.466798418972332,False
The Garden Song,The Garden Song,2,0.40625,0.48125,False
The Doll Song,The Doll Song,2,0.4725274725274725,0.4945054945054945,False
Sudden Oak Death,Sudden Oak Death,2,0.6938502673796791,0.5387700534759359,False
The Coroner’s Gambit,The Coroner’s Gambit,2,0.14761904761904762,0.42952380952380953,False
The Coast of High Barbary,The Coast of High Barbary,2,0.44138755980861244,0.48827751196172253,False
The Ultimate Jedi Who Wastes All the Other Jedi and Eats Their Bones,The Ultimate Jedi Who Wastes All the Other Jedi and Eats Their Bones,2,0.2611111111111111,0.4522222222222222,False
Standard Bitter Love Song Number 8,Standard Bitter Love Song Number 8,2,0.32727272727272727,0.46545454545454545,False
Superheroes,Superheroes,2,0.6823529411764706,0.5364705882352941,False
"Sure Do Love You Baby, But I Can't Do 60 No More","Sure Do Love You Baby, But I Can't Do 60 No More",2,0.2357142857142857,0.4471428571428572,False
Stack Em Up,Stack Em Up,2,0.4105263157894737,0.4821052631578947,False
St. Stephen,St. Stephen,2,0.40118577075098816,0.48023715415019763,False
The Pieman,The Pieman,2,0.5416666666666667,0.5083333333333334,False
Treetop Song,Treetop Song,2,0.4411764705882353,0.4882352941176471,False
Two-Headed Boy,Two-Headed Boy,2,0.5277777777777778,0.5055555555555555,False
Terminal Grain,Terminal Grain,2,0.4095238095238095,0.4819047619047619,False
Somebody Else's Parking Lot in Santa Cruz,Somebody Else's Parking Lot in Santa Cruz,2,0.03571428571428571,0.40714285714285714,False
Until Olympius Returns,Until Olympius Returns,2,0.3352272727272727,0.4670454545454545,False
Warm Lonely Planet,Warm Lonely Planet,2,0.31280193236714976,0.4625603864734299,False
The World's Greatest,The World's Greatest,2,0.6460980036297641,0.5292196007259529,False
We Bite,We Bite,2,0.84375,0.56875,False
Sixty Percent Wolf,Sixty Percent Wolf,2,0.3330039525691699,0.46660079051383396,False
Sixteen Tons,Sixteen Tons,2,0.7377777777777779,0.5475555555555556,False
When Dinosaurs Roamed,When Dinosaurs Roamed,2,0.46411483253588515,0.492822966507177,False
The Moon,The Moon,2,0.9,0.58,False
Wild Palm City,Wild Palm City,2,0.623015873015873,0.5246031746031746,False
Wishing the House Would Crash,Wishing the House Would Crash,2,0.14583333333333334,0.4291666666666667,False
With Their Flesh He Will Create,With Their Flesh He Will Create,2,0.06818181818181818,0.4136363636363637,False
With a Little Help from My Friends,With a Little Help from My Friends,2,0.975,0.595,False
Saigon Shrunken Panorama,Saigon Shrunken Panorama,2,0.0,0.4,False
Matthew 11:14-19,Matthew 11:14-19,2,0.15789473684210525,0.43157894736842106,False
Going to San Diego,Going to San Diego,2,0.7142857142857143,0.5428571428571429,False
I Miss the War,I Miss the War,2,0.9393382352941176,0.5878676470588236,False
If I Should Fall From Grace With God,If I Should Fall From Grace With God,2,0.4342105263157895,0.48684210526315785,False
I Think I'll Just Stay Here and Drink,I Think I'll Just Stay Here and Drink,2,0.6739130434782609,0.5347826086956522,False
Calcutta,Calcutta,2,0.08204334365325078,0.4164086687306502,False
Brisbane Hotel Sutra,Brisbane Hotel Sutra,2,0.5119047619047619,0.5023809523809524,False
My Little Panda,My Little Panda,2,0.5222222222222221,0.5044444444444445,False
I Shall Not Be Moved,I Shall Not Be Moved,2,0.4318181818181818,0.48636363636363633,False
I Might Compare,I Might Compare,2,0.1,0.42000000000000004,False
Mountain Goats Busking Song,Mountain Goats Busking Song,2,0.6892230576441103,0.537844611528822,False
Early Spring,Early Spring,2,0.23555555555555555,0.4471111111111111,False
Big Yellow Taxi,Big Yellow Taxi,2,0.836111111111111,0.5672222222222223,False
Beyond the Mysterious Beyond,Beyond the Mysterious Beyond,2,0.4118421052631579,0.48236842105263156,False
Noctifer Birmingham,Noctifer Birmingham,2,0.6865384615384615,0.5373076923076923,False
I Know You've Come to Take My Toys Away,I Know You've Come to Take My Toys Away,2,0.45,0.49000000000000005,False
I Don't Want to Get Adjusted,I Don't Want to Get Adjusted,2,0.9444444444444444,0.5888888888888889,False
Casetino's Nursery,Casetino's Nursery,2,0.26766304347826086,0.45353260869565215,False
Moon and Sand,Moon and Sand,2,0.3333333333333333,0.4666666666666667,False
Bad Company,Bad Company,2,0.20833333333333334,0.4416666666666667,False
Cold Milk Bottle,Cold Milk Bottle,2,0.36547619047619045,0.4730952380952381,False
Last Man on Earth,Last Man on Earth,2,0.5378787878787878,0.5075757575757576,False
Danny Says,Danny Says,2,0.4166666666666667,0.4833333333333333,False
Exegetic Chains,Exegetic Chains,2,0.96875,0.59375,False
Just a Closer Walk with Thee,Just a Closer Walk with Thee,2,0.3571428571428571,0.4714285714285714,False
Exit Portland Oregon,Exit Portland Oregon,2,0.6111111111111112,0.5222222222222223,False
Jay Gould's Daughter,Jay Gould's Daughter,2,0.6892857142857143,0.5378571428571428,False
Cobra Tattoo,Cobra Tattoo,2,0.53125,0.50625,False
Milkcrate,Milkcrate,2,0.8083333333333333,0.5616666666666668,False
Fit Alpha Vi,Fit Alpha Vi,2,0.5,0.5,False
Lucretia My Reflection,Lucretia My Reflection,2,0.2159090909090909,0.4431818181818182,False
Chino Love Song 1979,Chino Love Song 1979,2,0.5227272727272727,0.5045454545454545,False
Malevolent Seascape Y,Malevolent Seascape Y,2,0.4751131221719457,0.49502262443438916,False
Chinese House Flowers,Chinese House Flowers,2,0.4442307692307692,0.4888461538461538,False
Merry Christmas from the Family,Merry Christmas from the Family,2,0.475,0.495,False
Furry's Blues,Furry's Blues,2,0.0,0.4,False
Dragon Squeeze,Dragon Squeeze,2,0.5714285714285714,0.5142857142857142,False
I Ain't Livin' Long Like This,I Ain't Livin' Long Like This,2,0.4411764705882353,0.4882352941176471,False
Going the Ways,Going the Ways,2,0.4722222222222222,0.49444444444444446,False
Heights,Heights,2,0.175,0.43499999999999994,False
Pure Honey,Pure Honey,2,0.6071428571428572,0.5214285714285715,False
Pure Love,Pure Love,2,0.6239316239316239,0.5247863247863248,False
Positive Jam,Positive Jam,2,0.5,0.5,False
Red River Valley,Red River Valley,2,0.8095238095238095,0.5619047619047619,False
Going to Wisconsin,Going to Wisconsin,2,0.575,0.515,False
Going to Brazil,Going to Brazil,2,0.3009153318077803,0.46018306636155604,False
Historiography,Historiography,2,0.7,0.54,False
Going to Bogota,Going to Bogota,2,0.6818181818181818,0.5363636363636364,False
Holidays in the Sun,Holidays in the Sun,2,0.125,0.425,False
Ambivalent Landscape Z,Ambivalent Landscape Z,2,0.4027777777777778,0.4805555555555555,False
Philippians 3:20-21,Philippians 3:20-21,2,0.6,0.52,False
Hypnotized,Hypnotized,2,0.09523809523809523,0.41904761904761906,False
Get Famous,Get Famous,2,0.16233766233766234,0.4324675324675325,False
Any Available Surface,Any Available Surface,2,0.0,0.4,False
Are Friends Electric?,Are Friends Electric?,2,0.9166666666666667,0.5833333333333334,False
Going to Spain,Going to Spain,2,0.8,0.5599999999999999,False
Oslo 1888,Oslo 1888,2,0.3833333333333333,0.4766666666666667,False
The Mummy's Hand,The Mummy's Hand,1,0.0,0.4444444444444444,False
The New Potatoes,The New Potatoes,1,0.16666666666666666,0.462962962962963,False
Tug on the Line,Tug on the Line,1,0.4444444444444444,0.4938271604938272,False
Going to France,Going to France,1,0.5714285714285714,0.5079365079365079,False
Trying to Remember the Video with Lita Ford,Trying to Remember the Video with Lita Ford,1,0.23333333333333334,0.4703703703703704,False
Going to Japan,Going to Japan,1,0.037037037037037035,0.448559670781893,False
Extreme South Number 1,Extreme South Number 1,1,0.38095238095238093,0.4867724867724868,False
The Muffin Man,The Muffin Man,1,0.9090909090909091,0.5454545454545454,False
Going to Norwalk,Going to Norwalk,1,0.35294117647058826,0.4836601307189542,False
Going to Niles,Going to Niles,1,0.7727272727272727,0.5303030303030303,False
Etruscans,Etruscans,1,0.2857142857142857,0.47619047619047616,False
Going to Federal Prison,Going to Federal Prison,1,0.4,0.48888888888888893,False
Everyday People,Everyday People,1,1.0,0.5555555555555556,False
Five O'Clock,Five O'Clock,1,0.6923076923076923,0.5213675213675214,False
For He's a Jolly Good Fellow,For He's a Jolly Good Fellow,1,0.5,0.5,False
Tomb of the Assassin,Tomb of the Assassin,1,0.3684210526315789,0.4853801169590643,False
This Is Heaven,This Is Heaven,1,0.30434782608695654,0.47826086956521746,False
From the Lake Trials,From the Lake Trials,1,0.5555555555555556,0.5061728395061729,False
Goblin Wizard in the Crawlspace of My Heart,Goblin Wizard in the Crawlspace of My Heart,1,0.23809523809523808,0.47089947089947093,False
Going Through Pomona,Going Through Pomona,1,0.0,0.4444444444444444,False
Going Underground,Going Underground,1,0.3181818181818182,0.47979797979797983,False
These Days,These Days,1,1.0,0.5555555555555556,False
The Tower,The Tower,1,0.38461538461538464,0.4871794871794872,False
Free Fallin',Free Fallin',1,0.0,0.4444444444444444,False
This Is My Father's World,This Is My Father's World,1,0.0,0.4444444444444444,False
Flashing Lights,Flashing Lights,1,0.36363636363636365,0.4848484848484848,False
François Mitterrand,François Mitterrand,1,0.5333333333333333,0.5037037037037037,False
For the Snakes,For the Snakes,1,0.0,0.4444444444444444,False
Going to Buffalo,Going to Buffalo,1,0.4666666666666667,0.4962962962962963,False
Those Treasures Will Never Befall You,Those Treasures Will Never Befall You,1,0.09090909090909091,0.45454545454545453,False
Garbage Eaters,Garbage Eaters,1,0.8461538461538461,0.5384615384615384,False
Folsom Prison Blues,Folsom Prison Blues,1,0.0,0.4444444444444444,False
Going to California,Going to California,1,0.6428571428571429,0.5158730158730159,False
Freebird,Freebird,1,0.5555555555555556,0.5061728395061729,False
Sacrifice,Sacrifice,1,0.2857142857142857,0.47619047619047616,False
Don't Take the Dogs Away,Don't Take the Dogs Away,1,0.16666666666666666,0.462962962962963,False
Yellow Precious Letter,Yellow Precious Letter,1,0.15,0.46111111111111114,False
Bad Priestess,Bad Priestess,1,0.36363636363636365,0.4848484848484848,False
Wild World,Wild World,1,1.0,0.5555555555555556,False
Back for Good,Back for Good,1,0.875,0.5416666666666666,False
Wind Beneath My Wings,Wind Beneath My Wings,1,0.8333333333333334,0.537037037037037,False
Wish You Were Here,Wish You Were Here,1,0.9473684210526315,0.5497076023391814,False
Babe,Babe,1,0.9285714285714286,0.5476190476190477,False
Are You Cleaning Off the Stone?,Are You Cleaning Off the Stone?,1,0.5,0.5,False
Wizard Level,Wizard Level,1,0.47368421052631576,0.4970760233918129,False
Anchorless,Anchorless,1,0.3684210526315789,0.4853801169590643,False
Wrong!,Wrong!,1,0.5454545454545454,0.505050505050505,False
All of You,All of You,1,0.85,0.5388888888888889,False
Yellow Coat,Yellow Coat,1,0.5294117647058824,0.5032679738562091,False
All for the Best,All for the Best,1,0.2,0.4666666666666667,False
Bare Grace Misery,Bare Grace Misery,1,0.18181818181818182,0.46464646464646464,False
You Take the High Road,You Take the High Road,1,1.0,0.5555555555555556,False
Aisles,Aisles,1,0.41935483870967744,0.49103942652329746,False
Ain't Misbehavin',Ain't Misbehavin',1,0.45,0.49444444444444446,False
You're So Vain,You're So Vain,1,0.8421052631578947,0.5380116959064327,False
Agemo's Hoops,Agemo's Hoops,1,0.14285714285714285,0.46031746031746035,False
You've Got to Have a Mouse in Your Life,You've Got to Have a Mouse in Your Life,1,0.45454545454545453,0.4949494949494949,False
Accentuate the Positive,Accentuate the Positive,1,0.8235294117647058,0.5359477124183006,False
40 Hours,40 Hours,1,0.07692307692307693,0.45299145299145294,False
Young and Endangered,Young and Endangered,1,0.36363636363636365,0.4848484848484848,False
25,25,1,0.5,0.5,False
2/3 Jim's Head,2/3 Jim's Head,1,1.0,0.5555555555555556,False
15-2,15-2,1,0.5,0.5,False
Whon,Whon,1,0.6470588235294118,0.5163398692810458,False
Who You Are,Who You Are,1,0.625,0.5138888888888888,False
Dirty Old Town,Dirty Old Town,1,1.0,0.5555555555555556,False
Water Song II,Water Song II,1,0.2857142857142857,0.47619047619047616,False
Cut Your Hair,Cut Your Hair,1,0.9375,0.5486111111111112,False
Crazy Train,Crazy Train,1,0.75,0.5277777777777778,False
Crazy On You,Crazy On You,1,0.25925925925925924,0.4732510288065844,False
Uncle John's Band,Uncle John's Band,1,0.9333333333333333,0.5481481481481482,False
Crane,Crane,1,0.4666666666666667,0.4962962962962963,False
Unknown cover song,Unknown cover song,1,1.0,0.5555555555555556,False
Con Todo Y Mi Tristeza,Con Todo Y Mi Tristeza,1,0.9473684210526315,0.5497076023391814,False
The Monolith,The Monolith,1,0.22727272727272727,0.4696969696969697,False
Venus,Venus,1,0.65,0.5166666666666667,False
Chilean Fire Barrel,Chilean Fire Barrel,1,0.2857142857142857,0.47619047619047616,False
Wait for You,Wait for You,1,0.6,0.5111111111111111,False
Chason du Bon Chose,Chason du Bon Chose,1,0.4090909090909091,0.4898989898989899,False
Charlie Brown,Charlie Brown,1,1.0,0.5555555555555556,False
Barracuda,Barracuda,1,0.34615384615384615,0.48290598290598286,False
Catherine Antrim’s Kid,Catherine Antrim’s Kid,1,0.25,0.4722222222222222,False
Cathedral Song,Cathedral Song,1,0.35,0.4833333333333333,False
Cars Song in C,Cars Song in C,1,0.5263157894736842,0.5029239766081871,False
We Don't Need the Men,We Don't Need the Men,1,0.9,0.5444444444444445,False
Cao Dai Blowout,Cao Dai Blowout,1,0.6666666666666666,0.5185185185185186,False
Brilliant Disguise,Brilliant Disguise,1,0.6,0.5111111111111111,False
Brave,Brave,1,1.0,0.5555555555555556,False
Black Diamond,Black Diamond,1,0.9130434782608695,0.5458937198067633,False
Werewolves of London,Werewolves of London,1,0.5789473684210527,0.5087719298245614,False
Birthday Song (This Time Has Gone),Birthday Song (This Time Has Gone),1,0.16666666666666666,0.462962962962963,False
What Have You Done to the Magician?,What Have You Done to the Magician?,1,0.0,0.4444444444444444,False
Bird on the Wire,Bird on the Wire,1,1.0,0.5555555555555556,False
Christmas in Prison,Christmas in Prison,1,1.0,0.5555555555555556,False
The Great Gold Sheep,The Great Gold Sheep,1,0.5,0.5,False
Going to Santiago,Going to Santiago,1,0.64,0.5155555555555555,False
My Mask,My Mask,1,0.38095238095238093,0.4867724867724868,False
On a Wall,On a Wall,1,0.0,0.4444444444444444,False
Omega Blaster,Omega Blaster,1,0.1111111111111111,0.4567901234567901,False
Okie from Muskogee,Okie from Muskogee,1,0.8947368421052632,0.5438596491228069,False
"Oats, Peas, Beans and Barley Grow","Oats, Peas, Beans and Barley Grow",1,0.9166666666666666,0.5462962962962963,False
Noche del Guajolote,Noche del Guajolote,1,0.45,0.49444444444444446,False
No Surprises,No Surprises,1,0.75,0.5277777777777778,False
Nikki Oh Nikki,Nikki Oh Nikki,1,0.9615384615384616,0.5512820512820513,False
New Matha,New Matha,1,0.46153846153846156,0.49572649572649574,False
Something Inside Me Has Died,Something Inside Me Has Died,1,0.9473684210526315,0.5497076023391814,False
New London,New London,1,0.3181818181818182,0.47979797979797983,False
Sometimes We Mosh,Sometimes We Mosh,1,0.9130434782608695,0.5458937198067633,False
Never Say Never,Never Say Never,1,0.3684210526315789,0.4853801169590643,False
My Best Friend's Girl,My Best Friend's Girl,1,0.5,0.5,False
Snake Dance Song,Snake Dance Song,1,0.3157894736842105,0.4795321637426901,False
Song for Greg Valentine,Song for Greg Valentine,1,0.7368421052631579,0.5263157894736842,False
Mutiny in Heaven,Mutiny in Heaven,1,0.6,0.5111111111111111,False
Move (Chicago 196X),Move (Chicago 196X),1,0.08333333333333333,0.45370370370370366,False
Song for My Sons,Song for My Sons,1,0.6296296296296297,0.51440329218107,False
Mourn Not the Dead,Mourn Not the Dead,1,0.4090909090909091,0.4898989898989899,False
Song for Prince Edward III,Song for Prince Edward III,1,0.3,0.47777777777777775,False
Mountain Goats Shirt Song,Mountain Goats Shirt Song,1,0.8125,0.5347222222222222,False
Song for Ted Sallis,Song for Ted Sallis,1,0.05555555555555555,0.4506172839506173,False
Moth and Worm,Moth and Worm,1,0.2,0.4666666666666667,False
Minor Joan Crawford Vehicle,Minor Joan Crawford Vehicle,1,0.5,0.5,False
Migrations,Migrations,1,0.2222222222222222,0.46913580246913583,False
Mamas Don't Let Your Babies Grow Up to Be Cowboys,Mamas Don't Let Your Babies Grow Up to Be Cowboys,1,0.3181818181818182,0.47979797979797983,False
One Morning in Northern Italy,One Morning in Northern Italy,1,0.0,0.4444444444444444,False
Smothered/Register/Political Man,Smothered/Register/Political Man,1,1.0,0.5555555555555556,False
Malted Milk,Malted Milk,1,0.14285714285714285,0.46031746031746035,False
Poker Face,Poker Face,1,0.9047619047619048,0.544973544973545,False
Rock and Roll All Night,Rock and Roll All Night,1,0.3,0.47777777777777775,False
Sally MacLennane,Sally MacLennane,1,0.0,0.4444444444444444,False
Rivers of Babylon,Rivers of Babylon,1,0.5,0.5,False
Ribdate,Ribdate,1,0.5,0.5,False
Reel Around the Fountain,Reel Around the Fountain,1,1.0,0.5555555555555556,False
Satanic Messiah (Song),Satanic Messiah (Song),1,0.3888888888888889,0.4876543209876544,False
Radical Evil Song,Radical Evil Song,1,0.375,0.4861111111111111,False
Quién Como Tú,Quién Como Tú,1,0.35,0.4833333333333333,False
Purple Rain,Purple Rain,1,0.2857142857142857,0.47619047619047616,False
Puffin',Puffin',1,0.5,0.5,False
Prominent Metaphysicians of South Pomona,Prominent Metaphysicians of South Pomona,1,0.45,0.49444444444444446,False
Pretty In Pink,Pretty In Pink,1,1.0,0.5555555555555556,False
Please Come Home to Hamngatan,Please Come Home to Hamngatan,1,0.42857142857142855,0.4920634920634921,False
One Winter at Point Alpha Privative,One Winter at Point Alpha Privative,1,0.20833333333333334,0.46759259259259256,False
Pirates (So Long Lonely Avenue),Pirates (So Long Lonely Avenue),1,0.2,0.4666666666666667,False
Shield My Eyes Against the Glare,Shield My Eyes Against the Glare,1,0.13333333333333333,0.4592592592592593,False
Pinklon,Pinklon,1,0.0,0.4444444444444444,False
Short Song for Justin Bieber and His Paparazzi,Short Song for Justin Bieber and His Paparazzi,1,0.3181818181818182,0.47979797979797983,False
Personality Crisis,Personality Crisis,1,0.6,0.5111111111111111,False
"Shot, Repeatedly, At Close Range, In the Chest, By Your Love","Shot, Repeatedly, At Close Range, In the Chest, By Your Love",1,0.2,0.4666666666666667,False
Pennsylvania Dutch Treat,Pennsylvania Dutch Treat,1,0.07407407407407407,0.4526748971193416,False
Passaic 1975,Passaic 1975,1,0.36363636363636365,0.4848484848484848,False
Parting Friends,Parting Friends,1,1.0,0.5555555555555556,False
Palisades Park,Palisades Park,1,0.38461538461538464,0.4871794871794872,False
Original Air-Blue Gown,Original Air-Blue Gown,1,0.35,0.4833333333333333,False
Slip Away from Me,Slip Away from Me,1,0.9333333333333333,0.5481481481481482,False
Spellbound,Spellbound,1,0.3333333333333333,0.48148148148148145,False
Malevolent Cityscape X,Malevolent Cityscape X,1,0.4,0.48888888888888893,False
Going to Some Damned English City,Going to Some Damned English City,1,0.375,0.4861111111111111,False
Hopeful Assassins of Zeno,Hopeful Assassins of Zeno,1,0.45,0.49444444444444446,False
Improv Song,Improv Song,1,0.6,0.5111111111111111,False
I Rule the Ruins,I Rule the Ruins,1,0.05555555555555555,0.4506172839506173,False
I Put a Spell on You,I Put a Spell on You,1,0.4375,0.4930555555555556,False
The Autopsy Garland,The Autopsy Garland,1,0.0,0.4444444444444444,False
"I Love You, Let's Light Ourselves on Fire","I Love You, Let's Light Ourselves on Fire",1,0.0,0.4444444444444444,False
I Hope You Dance,I Hope You Dance,1,0.9,0.5444444444444445,False
I Am Morris Townsend,I Am Morris Townsend,1,0.8947368421052632,0.5438596491228069,False
The Cat Came Back,The Cat Came Back,1,0.44,0.4933333333333334,False
Hospital Reaction Shot,Hospital Reaction Shot,1,0.3333333333333333,0.48148148148148145,False
Horse and Master,Horse and Master,1,0.06666666666666667,0.45185185185185184,False
The Damned,The Damned,1,0.8333333333333334,0.537037037037037,False
The Day the Aliens Came,The Day the Aliens Came,1,0.3181818181818182,0.47979797979797983,False
Hommel West (Onward to Tasmania),Hommel West (Onward to Tasmania),1,0.0,0.4444444444444444,False
In League With Dragons,In League With Dragons,1,0.4782608695652174,0.497584541062802,False
History of the Church (Part 1),History of the Church (Part 1),1,0.14285714285714285,0.46031746031746035,False
Run Run Rudolph,Run Run Rudolph,1,0.5,0.5,False
The Great and Terrible George Jones Car Accident of 1999,The Great and Terrible George Jones Car Accident of 1999,1,0.0,0.4444444444444444,False
"Here I Am, Lord","Here I Am, Lord",1,0.4,0.48888888888888893,False
He Will Arise,He Will Arise,1,0.5714285714285714,0.5079365079365079,False
Hatha Hill,Hatha Hill,1,0.42857142857142855,0.4920634920634921,False
The Jungle,The Jungle,1,0.16666666666666666,0.462962962962963,False
Hail St. Sebastian,Hail St. Sebastian,1,0.25,0.4722222222222222,False
Going to Tennessee,Going to Tennessee,1,0.0,0.4444444444444444,False
Going to Spirit Lake,Going to Spirit Lake,1,0.65,0.5166666666666667,False
The Last Place I Saw You Alive,The Last Place I Saw You Alive,1,0.625,0.5138888888888888,False
The Mad Clarinet,The Mad Clarinet,1,0.20833333333333334,0.46759259259259256,False
Teenage World,Teenage World,1,0.6,0.5111111111111111,False
In the Craters of the Moon,In the Craters of the Moon,1,0.16666666666666666,0.462962962962963,False
Stable Boy Song,Stable Boy Song,1,0.4,0.48888888888888893,False
Korean Bird Paintings,Korean Bird Paintings,1,0.4375,0.4930555555555556,False
Love and Marriage,Love and Marriage,1,0.9473684210526315,0.5497076023391814,False
Long Lost to Where No Pathway Goes,Long Lost to Where No Pathway Goes,1,0.045454545454545456,0.44949494949494956,False
Loch Lomond,Loch Lomond,1,0.8666666666666667,0.5407407407407407,False
Standard Bitter Love Song Number 5,Standard Bitter Love Song Number 5,1,0.42857142857142855,0.4920634920634921,False
Standard Bitter Love Song Number 6,Standard Bitter Love Song Number 6,1,0.0,0.4444444444444444,False
Light of the World,Light of the World,1,0.5454545454545454,0.505050505050505,False
"Lie Down, Keep Still, Play Dead","Lie Down, Keep Still, Play Dead",1,0.0,0.4444444444444444,False
Let the Dogs Come Out,Let the Dogs Come Out,1,0.14285714285714285,0.46031746031746035,False
Let Me Go,Let Me Go,1,0.26666666666666666,0.4740740740740741,False
Leaving Home,Leaving Home,1,0.2857142857142857,0.47619047619047616,False
Labrador,Labrador,1,0.36363636363636365,0.4848484848484848,False
La Tracionera,La Tracionera,1,0.125,0.4583333333333333,False
Straight Six,Straight Six,1,0.2608695652173913,0.4734299516908213,False
Tallahasee,Tallahasee,1,0.05263157894736842,0.4502923976608187,False
Stuck in Time,Stuck in Time,1,0.0,0.4444444444444444,False
Know the Way,Know the Way,1,0.22580645161290322,0.46953405017921146,False
Kittens in Mittens,Kittens in Mittens,1,0.5714285714285714,0.5079365079365079,False
Suffragette City,Suffragette City,1,0.6153846153846154,0.5128205128205128,False
"Sugar, We're Going Down","Sugar, We're Going Down",1,0.2857142857142857,0.47619047619047616,False
John 4:35,John 4:35,1,0.75,0.5277777777777778,False
Superman,Superman,1,0.30434782608695654,0.47826086956521746,False
Jam Eater Blues,Jam Eater Blues,1,0.45454545454545453,0.4949494949494949,False
Jailbreak,Jailbreak,1,0.3333333333333333,0.48148148148148145,False
Italian Guns,Italian Guns,1,0.45454545454545453,0.4949494949494949,False
Take A Letter Maria,Take A Letter Maria,1,0.0,0.4444444444444444,False
It's Raining Men,It's Raining Men,1,0.5,0.5,False
Your Daddy Loves You,Your Daddy Loves You,1,0.45,0.49444444444444446,False
